fips,state,county,pm25_mean,monitor_count,total_observations
01003,Alabama,Baldwin,7.673528086178262,1.0,10838.0
01027,Alabama,Clay,8.082885317883937,1.0,10529.0
01049,Alabama,DeKalb,8.93470740686922,1.0,11355.0
01055,Alabama,Etowah,9.838832423664467,1.0,11063.0
01073,Alabama,Jefferson,10.059637833878753,5.0,48892.0
01089,Alabama,Madison,8.93424648538067,1.0,42136.0
01097,Alabama,Mobile,8.825770662398558,1.0,11090.0
01101,Alabama,Montgomery,10.347595752309303,1.0,10501.0
01103,Alabama,Morgan,7.390570522621137,1.0,33619.0
01113,Alabama,Russell,9.318662128757515,1.0,3992.0
01119,Alabama,Sumter,5.4256470618408,1.0,11093.0
01125,Alabama,Tuscaloosa,8.00790744977019,1.0,10661.0
02020,Alaska,Anchorage ,4.251623160915614,1.0,11708.0
02090,Alaska,Fairbanks North Star ,8.886827830228844,3.0,30064.0
02110,Alaska,Juneau ,5.07802140868171,1.0,32436.0
02170,Alaska,Matanuska-Susitna ,4.071681677771807,1.0,11166.0
04001,Arizona,Apache,2.684112205607477,1.0,856.0
04012,Arizona,La Paz,2.3701063574090506,1.0,11270.0
04013,Arizona,Maricopa,7.863501487030849,10.0,193035.0
04019,Arizona,Pima,6.3764953815617265,3.0,34385.0
04021,Arizona,Pinal,6.849654545275892,3.0,32567.0
04023,Arizona,Santa Cruz,7.612683608880211,1.0,11779.0
04027,Arizona,Yuma,8.014924005361932,1.0,11190.0
05001,Arkansas,Arkansas,8.655833,1.0,960.0
05003,Arkansas,Ashley,8.636666633333334,1.0,960.0
05035,Arkansas,Crittenden,8.791736,1.0,968.0
05051,Arkansas,Garland,8.898425023622046,1.0,1016.0
05067,Arkansas,Jackson,8.980000383333334,1.0,960.0
05113,Arkansas,Polk,8.765000000000002,1.0,960.0
05119,Arkansas,Pulaski,10.799764601480176,2.0,40806.0
05139,Arkansas,Union,9.651851643874643,1.0,2808.0
05143,Arkansas,Washington,7.59375,1.0,768.0
06001,California,Alameda,6.968085812942464,7.0,72181.0
06007,California,Butte,7.913481679882713,1.0,31376.0
06009,California,Calaveras,5.60791226523077,1.0,11375.0
06011,California,Colusa,10.646984312,2.0,25000.0
06013,California,Contra Costa,8.189412094785682,2.0,22630.0
06019,California,Fresno,9.004871011721637,6.0,78402.0
06023,California,Humboldt,14.692623857773855,2.0,9056.0
06025,California,Imperial,8.816319016054672,3.0,31019.0
06027,California,Inyo,5.55606970063745,5.0,138207.0
06029,California,Kern,8.422461152599322,6.0,37202.0
06031,California,Kings,11.307247602951445,2.0,22904.0
06033,California,Lake,4.123333,1.0,480.0
06037,California,Los Angeles,9.901022694655563,8.0,57892.0
06039,California,Madera,9.966420962661354,1.0,11543.0
06041,California,Marin,5.397270042440785,1.0,11357.0
06045,California,Mendocino,9.473103687404668,2.0,21635.0
06047,California,Merced,9.03817269301255,2.0,23027.0
06051,California,Mono,3.5303008804851412,2.0,33887.0
06053,California,Monterey,5.501145716235281,3.0,34733.0
06057,California,Nevada,4.790440839515917,1.0,11403.0
06059,California,Orange,9.727426682427456,1.0,13578.0
06061,California,Placer,6.525074935154187,2.0,22700.0
06063,California,Plumas,9.668174262800488,2.0,22089.0
06065,California,Riverside,9.307452347352164,6.0,89998.0
06067,California,Sacramento,7.486306298660705,5.0,68469.0
06069,California,San Benito,4.1102526474034615,1.0,11265.0
06071,California,San Bernardino,9.05272196151547,5.0,48513.0
06073,California,San Diego,8.12532646951851,11.0,254876.0
06075,California,San Francisco,6.457199946069995,1.0,10458.0
06077,California,San Joaquin,9.398235590844845,2.0,21933.0
06079,California,San Luis Obispo,4.887539057347198,4.0,45582.0
06081,California,San Mateo,4.489847618274111,1.0,1970.0
06083,California,Santa Barbara,5.5601422056982095,5.0,47278.0
06085,California,Santa Clara,6.733190420073474,3.0,34025.0
06087,California,Santa Cruz,5.354137626262626,2.0,22572.0
06089,California,Shasta,6.898796824416518,1.0,11140.0
06093,California,Siskiyou,10.971938757254067,1.0,11304.0
06095,California,Solano,6.1916982054431715,1.0,21899.0
06097,California,Sonoma,5.0581074088397795,1.0,11403.0
06099,California,Stanislaus,10.410369093235913,2.0,22856.0
06101,California,Sutter,8.501549458572242,1.0,22847.0
06103,California,Tehama,6.145537517289557,1.0,11452.0
06107,California,Tulare,10.702270024679951,2.0,30308.0
06111,California,Ventura,5.895059879197078,5.0,68500.0
06113,California,Yolo,7.710154800382434,1.0,29286.0
08001,Colorado,Adams,8.28701921645495,1.0,11887.0
08003,Colorado,Alamosa,8.292584,1.0,2144.0
08005,Colorado,Arapahoe,5.378632,1.0,936.0
08013,Colorado,Boulder,6.598960988705092,3.0,38690.0
08031,Colorado,Denver,7.092838165656309,5.0,102109.0
08035,Colorado,Douglas,5.296248137122747,1.0,33532.0
08041,Colorado,El Paso,5.468072688512719,1.0,11047.0
08045,Colorado,Garfield,4.15114205329741,1.0,17074.0
08057,Colorado,Jackson,3.5902441749314726,1.0,16052.0
08069,Colorado,Larimer,6.439543673389465,1.0,10214.0
08077,Colorado,Mesa,4.484554556607835,1.0,11615.0
08099,Colorado,Prowers,5.074188544100802,1.0,2619.0
08101,Colorado,Pueblo,5.2454142468650105,1.0,4067.0
08103,Colorado,Rio Blanco,4.7308110783744555,1.0,9646.0
08123,Colorado,Weld,7.762185634511302,2.0,12564.0
09001,Connecticut,Fairfield,8.687474661526277,2.0,66921.0
09003,Connecticut,Hartford,8.0336744485751,2.0,66145.0
09005,Connecticut,Litchfield,6.676410072947166,1.0,31420.0
09009,Connecticut,New Haven,8.72509844158572,2.0,99034.0
09011,Connecticut,New London,7.613729861037074,1.0,33016.0
10001,Delaware,Kent,9.006050997369975,2.0,49049.0
10003,Delaware,New Castle,9.678962201380294,5.0,143013.0
10005,Delaware,Sussex,9.806617011784725,1.0,31736.0
11001,District Of Columbia,District of Columbia,8.778491500778829,4.0,138670.0
12001,Florida,Alachua,7.167677892942084,1.0,63489.0
12009,Florida,Brevard,6.953741780268376,1.0,32790.0
12011,Florida,Broward,8.01522308191675,5.0,161774.0
12031,Florida,Duval,7.846891825791171,4.0,96281.0
12033,Florida,Escambia,9.935202554326567,1.0,31191.0
12057,Florida,Hillsborough,8.045509062436352,2.0,44189.0
12073,Florida,Leon,8.556069533666614,1.0,6401.0
12085,Florida,Martin,7.194853418834054,1.0,32643.0
12086,Florida,Miami-Dade,7.9273289030105,4.0,35808.0
12095,Florida,Orange,7.4377355826466,1.0,31429.0
12099,Florida,Palm Beach,7.206892906917695,3.0,96882.0
12103,Florida,Pinellas,7.400307636204403,2.0,65655.0
12105,Florida,Polk,7.2414882848335385,1.0,27574.0
12115,Florida,Sarasota,7.4093274125355615,1.0,33042.0
12117,Florida,Seminole,6.900430701581712,1.0,31801.0
12127,Florida,Volusia,7.992396689148823,1.0,31803.0
13021,Georgia,Bibb,10.687492854625905,2.0,49947.0
13051,Georgia,Chatham,9.239234902857312,1.0,33878.0
13059,Georgia,Clarke,10.009331536188594,1.0,65283.0
13063,Georgia,Clayton,9.747934,1.0,968.0
13067,Georgia,Cobb,11.347455787684263,1.0,8412.0
13069,Georgia,Coffee,8.02597123033708,1.0,8544.0
13089,Georgia,DeKalb,10.232957259753677,1.0,36781.0
13095,Georgia,Dougherty,11.221914422939069,1.0,35712.0
13121,Georgia,Fulton,10.186249752083334,2.0,3840.0
13127,Georgia,Glynn,8.410685500484766,1.0,34037.0
13135,Georgia,Gwinnett,10.17136543375746,1.0,33166.0
13139,Georgia,Hall,10.632444134919268,1.0,29047.0
13153,Georgia,Houston,9.784395110802597,1.0,34214.0
13185,Georgia,Lowndes,9.994559784249947,1.0,33511.0
13215,Georgia,Muscogee,10.700673336052324,2.0,51980.0
13245,Georgia,Richmond,10.121489691461745,1.0,42374.0
13295,Georgia,Walker,11.757217801711757,1.0,34818.0
13303,Georgia,Washington,10.40842785713899,1.0,73897.0
15001,Hawaii,Hawaii,2.5985406779412332,10.0,153354.0
15003,Hawaii,Honolulu,4.451149047782243,3.0,81118.0
15009,Hawaii,Maui,3.9994170448957287,1.0,10981.0
16001,Idaho,Ada,5.811999621538463,1.0,2600.0
16009,Idaho,Benewah,9.148078650040883,1.0,9784.0
16027,Idaho,Canyon,7.297959078031212,2.0,6664.0
16041,Idaho,Franklin,6.259740285714286,1.0,2464.0
16059,Idaho,Lemhi,7.340037872180452,1.0,8512.0
16079,Idaho,Shoshone,9.663636079777365,1.0,8624.0
17019,Illinois,Champaign,9.296059868967125,2.0,34312.0
17031,Illinois,Cook,10.981302678815522,12.0,138120.0
17043,Illinois,DuPage,11.369312181484435,1.0,31325.0
17065,Illinois,Hamilton,9.12058974890152,1.0,32545.0
17083,Illinois,Jersey,8.9146330430807,1.0,32590.0
17089,Illinois,Kane,9.821666825,2.0,1920.0
17111,Illinois,McHenry,10.200129109375,1.0,32512.0
17113,Illinois,McLean,10.406633588031546,1.0,64670.0
17115,Illinois,Macon,10.473827776676924,1.0,32500.0
17119,Illinois,Madison,8.758357222205511,4.0,6647.0
17143,Illinois,Peoria,9.135399375832353,1.0,20424.0
17157,Illinois,Randolph,8.470097247482014,1.0,31970.0
17161,Illinois,Rock Island,10.79885045400758,1.0,32451.0
17163,Illinois,Saint Clair,11.266583068565401,1.0,32232.0
17167,Illinois,Sangamon,10.171551360928168,1.0,32494.0
17197,Illinois,Will,10.787163155556241,2.0,64774.0
17201,Illinois,Winnebago,11.161011026594602,1.0,32563.0
18003,Indiana,Allen,8.41374251552795,1.0,2576.0
18005,Indiana,Bartholomew,8.471809395295416,1.0,10883.0
18019,Indiana,Clark,10.826379273748115,1.0,47109.0
18035,Indiana,Delaware,8.25625,1.0,896.0
18037,Indiana,Dubois,9.195083572907155,1.0,6570.0
18039,Indiana,Elkhart,9.534095773833124,1.0,11098.0
18043,Indiana,Floyd,8.43078746478873,1.0,11573.0
18055,Indiana,Greene,8.950063179371618,1.0,30841.0
18057,Indiana,Hamilton,8.618226139933993,2.0,12120.0
18065,Indiana,Henry,10.099500775602646,1.0,32233.0
18067,Indiana,Howard,8.565699996876745,1.0,21452.0
18089,Indiana,Lake,10.837444344814926,6.0,163392.0
18091,Indiana,LaPorte,8.684034,1.0,952.0
18095,Indiana,Madison,10.1240940674693,1.0,33141.0
18097,Indiana,Marion,13.402382547692278,5.0,105342.0
18105,Indiana,Monroe,8.847916363900808,1.0,34721.0
18127,Indiana,Porter,9.73981651867368,1.0,11219.0
18141,Indiana,St. Joseph,10.61156260904168,1.0,48752.0
18147,Indiana,Spencer,8.704167,1.0,960.0
18157,Indiana,Tippecanoe,9.214397173874117,1.0,11169.0
18163,Indiana,Vanderburgh,9.975122566307206,2.0,48313.0
18167,Indiana,Vigo,10.137687408856353,1.0,33332.0
18183,Indiana,Whitley,10.596355053358991,1.0,34296.0
19013,Iowa,Black Hawk,9.44958,1.0,952.0
19045,Iowa,Clinton,11.684852208960647,2.0,66022.0
19103,Iowa,Johnson,10.84647891840636,1.0,53362.0
19111,Iowa,Lee,9.348333,1.0,480.0
19113,Iowa,Linn,11.739183481208642,1.0,66786.0
19137,Iowa,Montgomery,8.165,1.0,960.0
19139,Iowa,Muscatine,9.541906288956127,3.0,5288.0
19147,Iowa,Palo Alto,8.976667,1.0,960.0
19153,Iowa,Polk,9.435078228385201,2.0,38816.0
19155,Iowa,Pottawattamie,9.629999949999998,1.0,1440.0
19163,Iowa,Scott,10.962500239329662,2.0,65579.0
19177,Iowa,Van Buren,7.965,1.0,960.0
19193,Iowa,Woodbury,9.684746,1.0,944.0
20091,Kansas,Johnson,9.242905287370627,1.0,32947.0
20133,Kansas,Neosho,10.760837024720354,1.0,32362.0
20173,Kansas,Sedgwick,10.29012679007049,1.0,19578.0
20177,Kansas,Shawnee,9.456040830933642,1.0,31254.0
20181,Kansas,Sherman,4.582802545271631,1.0,8449.0
20191,Kansas,Sumner,9.02849178791693,1.0,30191.0
20195,Kansas,Trego,7.950423419527661,1.0,31545.0
20209,Kansas,Wyandotte,10.191407202775485,1.0,31562.0
21013,Kentucky,Bell,9.983483588393646,1.0,32689.0
21019,Kentucky,Boyd,8.80887880976896,1.0,32245.0
21037,Kentucky,Campbell,9.125494921745384,1.0,33391.0
21043,Kentucky,Carter,7.3123197144480265,1.0,32565.0
21047,Kentucky,Christian,9.131020853153379,1.0,32156.0
21059,Kentucky,Daviess,10.522770451019339,1.0,19130.0
21067,Kentucky,Fayette,8.673978999724682,1.0,32689.0
21093,Kentucky,Hardin,9.01686235862194,1.0,33032.0
21111,Kentucky,Jefferson,9.8991024095223,5.0,258782.0
21145,Kentucky,McCracken,8.90405120837931,1.0,31721.0
21193,Kentucky,Perry,9.349820172241166,1.0,32559.0
21195,Kentucky,Pike,7.623213502158271,1.0,31275.0
21199,Kentucky,Pulaski,8.635937894945,1.0,32364.0
21227,Kentucky,Warren,8.654117237001694,1.0,64970.0
22017,Louisiana,Caddo,9.389130760869564,1.0,736.0
22019,Louisiana,Calcasieu,10.606021805003053,2.0,32780.0
22033,Louisiana,East Baton Rouge,9.984352764952,1.0,34895.0
22047,Louisiana,Iberville,8.318644,1.0,944.0
22051,Louisiana,Jefferson,8.823954799856619,2.0,40451.0
22055,Louisiana,Lafayette,8.254167,1.0,960.0
22071,Louisiana,Orleans,7.369798337053572,1.0,10304.0
22073,Louisiana,Ouachita,8.402479,1.0,968.0
22079,Louisiana,Rapides,8.847059,1.0,952.0
22087,Louisiana,St. Bernard,9.646243972008397,1.0,32867.0
22105,Louisiana,Tangipahoa,7.788461296703297,1.0,1456.0
22109,Louisiana,Terrebonne,9.712174,1.0,920.0
22121,Louisiana,West Baton Rouge,9.967327324726938,1.0,37995.0
23001,Maine,Androscoggin,5.364838267485221,1.0,10995.0
23003,Maine,Aroostook,6.494409082392621,3.0,58112.0
23005,Maine,Cumberland,8.3877749226214,2.0,30396.0
23009,Maine,Hancock,4.4230604512575855,1.0,33954.0
23011,Maine,Kennebec,7.841124828439459,1.0,6062.0
23017,Maine,Oxford,5.6110904937249675,1.0,11235.0
23019,Maine,Penobscot,5.3241574177113895,1.0,11247.0
23029,Maine,Washington,4.1284838153078205,1.0,9616.0
24005,Maryland,Baltimore,7.70318250789335,2.0,36043.0
24015,Maryland,Cecil,6.840914280984366,1.0,33646.0
24019,Maryland,Dorchester,7.236055345940658,1.0,33737.0
24023,Maryland,Garrett,5.840513454589372,1.0,33120.0
24025,Maryland,Harford,7.290693693987775,1.0,33698.0
24027,Maryland,Howard,8.15320564184345,1.0,33893.0
24029,Maryland,Kent,6.07153068912177,1.0,33875.0
24031,Maryland,Montgomery,6.392883393097293,1.0,33610.0
24033,Maryland,Prince George's,7.578819986294429,1.0,35533.0
24043,Maryland,Washington,6.943195207507948,1.0,32712.0
24510,Maryland,Baltimore (City),8.002729769992845,1.0,36338.0
25003,Massachusetts,Berkshire,7.605849350159556,2.0,67375.0
25005,Massachusetts,Bristol,6.967176975847586,1.0,33330.0
25009,Massachusetts,Essex,7.101607087116564,2.0,66830.0
25011,Massachusetts,Franklin,8.21021865842326,1.0,33360.0
25013,Massachusetts,Hampden,7.409696668410389,2.0,44923.0
25015,Massachusetts,Hampshire,6.180519893466563,1.0,32525.0
25017,Massachusetts,Middlesex,6.762730684504002,1.0,33357.0
25021,Massachusetts,Norfolk,6.743620430920659,1.0,33324.0
25023,Massachusetts,Plymouth,7.0733732518610415,1.0,33046.0
25025,Massachusetts,Suffolk,7.446054766160535,5.0,190464.0
25027,Massachusetts,Worcester,7.39975785379444,1.0,33022.0
26005,Michigan,Allegan,7.365307641838152,1.0,7921.0
26017,Michigan,Bay,9.503434953909888,1.0,11586.0
26049,Michigan,Genesee,8.684892510019125,1.0,12027.0
26065,Michigan,Ingham,11.162088435211055,1.0,25776.0
26077,Michigan,Kalamazoo,12.481228887583894,1.0,29204.0
26081,Michigan,Kent,11.387468095261733,1.0,40289.0
26091,Michigan,Lenawee,9.97829534524743,1.0,29321.0
26099,Michigan,Macomb,10.61563538276284,1.0,32720.0
26101,Michigan,Manistee,5.5633367904979965,1.0,3494.0
26113,Michigan,Missaukee,10.364947983471074,1.0,11132.0
26125,Michigan,Oakland,9.3,1.0,744.0
26139,Michigan,Ottawa,10.65419037607679,1.0,32504.0
26147,Michigan,St. Clair,10.44364578202758,1.0,32995.0
26153,Michigan,Schoolcraft,5.301592295247014,1.0,8542.0
26161,Michigan,Washtenaw,11.017746870146365,1.0,66136.0
26163,Michigan,Wayne,12.620489097586058,10.0,233394.0
27003,Minnesota,Anoka,8.597030275859241,1.0,12191.0
27005,Minnesota,Becker,8.893997654325526,1.0,32655.0
27007,Minnesota,Beltrami,7.845178977692837,1.0,33487.0
27017,Minnesota,Carlton,6.104595206294229,1.0,33491.0
27021,Minnesota,Cass,7.67582767197509,1.0,33720.0
27031,Minnesota,Cook,4.106150682223828,1.0,33168.0
27035,Minnesota,Crow Wing,8.469024938008786,1.0,29359.0
27037,Minnesota,Dakota,10.39608398500774,2.0,98184.0
27053,Minnesota,Hennepin,10.728844768184953,3.0,60902.0
27075,Minnesota,Lake,6.264850551694604,1.0,32692.0
27083,Minnesota,Lyon,10.152936964252701,1.0,32450.0
27109,Minnesota,Olmsted,10.180649387507767,1.0,32180.0
27123,Minnesota,Ramsey,10.590397636673796,2.0,34586.0
27137,Minnesota,Saint Louis,7.980981388009924,3.0,97147.0
27139,Minnesota,Scott,10.985596797012276,1.0,32667.0
27145,Minnesota,Stearns,10.007559818643344,1.0,32698.0
27171,Minnesota,Wright,9.860129105091325,1.0,30935.0
28011,Mississippi,Bolivar,10.679843238859293,1.0,31349.0
28033,Mississippi,DeSoto,11.471094985045308,1.0,31562.0
28035,Mississippi,Forrest,10.73138649906001,1.0,32447.0
28045,Mississippi,Hancock,9.098847596558072,1.0,31494.0
28047,Mississippi,Harrison,9.309125716861585,1.0,31723.0
28049,Mississippi,Hinds,10.375687644115626,2.0,62717.0
28059,Mississippi,Jackson,9.480716672524307,1.0,31981.0
29021,Missouri,Buchanan,8.967151365396884,1.0,21946.0
29037,Missouri,Cass,6.3169786140369855,1.0,9247.0
29039,Missouri,Cedar,6.749212989965939,1.0,10863.0
29047,Missouri,Clay,6.392077083086053,1.0,10110.0
29077,Missouri,Greene,8.88949697041333,1.0,40694.0
29095,Missouri,Jackson,9.723518311374647,2.0,46041.0
29099,Missouri,Jefferson,7.864152900265321,1.0,31283.0
29189,Missouri,Saint Louis,7.6551885562520425,1.0,33661.0
29510,Missouri,St. Louis City,9.802752957230194,4.0,242905.0
30001,Montana,Beaverhead,2.9605310459107965,1.0,11457.0
30017,Montana,Custer,8.171690180626241,1.0,11593.0
30027,Montana,Fergus,5.280587474358973,1.0,11544.0
30029,Montana,Flathead,9.522974829676974,1.0,11578.0
30031,Montana,Gallatin,3.005895363730391,1.0,11602.0
30035,Montana,Glacier,4.326585926683116,1.0,11348.0
30041,Montana,Hill,7.943197444704506,1.0,6836.0
30049,Montana,Lewis and Clark,6.791278303824691,2.0,34408.0
30053,Montana,Lincoln,11.759973793043066,1.0,33693.0
30063,Montana,Missoula,8.487736173366498,2.0,45026.0
30071,Montana,Phillips,7.48681997652339,1.0,11586.0
30075,Montana,Powder River,9.471005387898028,1.0,10709.0
30081,Montana,Ravalli,5.8224400792609226,1.0,11582.0
30083,Montana,Richland,7.633228989278057,1.0,11192.0
30093,Montana,Silver Bow,7.457672028112449,1.0,11952.0
30111,Montana,Yellowstone,6.718697077918671,1.0,11435.0
31055,Nebraska,Douglas,8.007786552296583,2.0,13433.0
31067,Nebraska,Gage,7.14829132562554,1.0,11590.0
31079,Nebraska,Hall,7.498460695183777,1.0,11046.0
31109,Nebraska,Lancaster,8.328571666666667,1.0,1344.0
31153,Nebraska,Sarpy,7.946718697319821,1.0,10559.0
31157,Nebraska,Scotts Bluff,5.40494987426344,1.0,11031.0
31177,Nebraska,Washington,7.639338751196172,1.0,11495.0
32003,Nevada,Clark,5.160847003121119,14.0,503986.0
32005,Nevada,Douglas,6.095124135194069,1.0,11465.0
32031,Nevada,Washoe,5.324009345339841,4.0,46919.0
32510,Nevada,Carson City,4.896194334117449,1.0,11903.0
33001,New Hampshire,Belknap,5.443440850828071,1.0,33572.0
33005,New Hampshire,Cheshire,7.764226540820808,1.0,34137.0
33009,New Hampshire,Grafton,5.7912397005079175,1.0,33470.0
33011,New Hampshire,Hillsborough,4.735727692571361,1.0,33842.0
33015,New Hampshire,Rockingham,6.102463863062341,2.0,64774.0
34001,New Jersey,Atlantic,7.745691755611269,2.0,42281.0
34003,New Jersey,Bergen,10.026658608988956,1.0,34687.0
34007,New Jersey,Camden,9.686748489206526,2.0,44425.0
34011,New Jersey,Cumberland,8.031786651444145,1.0,32649.0
34015,New Jersey,Gloucester,6.907168061375173,1.0,6501.0
34017,New Jersey,Hudson,8.135396180725406,2.0,76785.0
34019,New Jersey,Hunterdon,8.853734199221284,1.0,33902.0
34021,New Jersey,Mercer,9.61016233399754,2.0,66746.0
34023,New Jersey,Middlesex,9.121832845864658,1.0,35112.0
34027,New Jersey,Morris,6.696706299401198,1.0,2672.0
34029,New Jersey,Ocean,8.111209378759076,1.0,32089.0
34031,New Jersey,Passaic,8.344861816992449,1.0,32179.0
34039,New Jersey,Union,10.104840833040631,2.0,74593.0
34041,New Jersey,Warren,8.49767399140522,1.0,33276.0
35001,New Mexico,Bernalillo,6.124177931030163,6.0,199522.0
35013,New Mexico,Dona Ana,5.995920402376456,4.0,52431.0
35025,New Mexico,Lea,6.386379652341695,1.0,11402.0
35049,New Mexico,Santa Fe,2.400465358486665,1.0,9674.0
35055,New Mexico,Taos,4.092211728006605,1.0,10901.0
36001,New York,Albany,8.662409658889759,2.0,34461.0
36005,New York,Bronx,9.471792863067845,3.0,39976.0
36013,New York,Chautauqua,7.126866,1.0,536.0
36029,New York,Erie,7.293896044009042,3.0,6635.0
36031,New York,Essex,4.756900239242992,1.0,5601.0
36047,New York,Kings,9.173244913268551,3.0,11011.0
36055,New York,Monroe,8.235282081552564,2.0,37203.0
36061,New York,New York,9.69930769550173,2.0,2312.0
36067,New York,Onondaga,8.084892219475815,1.0,32851.0
36071,New York,Orange,7.608771999999999,1.0,912.0
36081,New York,Queens,10.372246231668228,2.0,35253.0
36085,New York,Richmond,9.528813999999999,1.0,472.0
36101,New York,Steuben,8.644457446018428,1.0,29084.0
36103,New York,Suffolk,7.6080000000000005,1.0,600.0
37021,North Carolina,Buncombe,6.884023519532165,1.0,17100.0
37035,North Carolina,Catawba,8.384409533525693,1.0,21834.0
37051,North Carolina,Cumberland,9.186618746387598,1.0,11419.0
37057,North Carolina,Davidson,9.195802261130284,1.0,35354.0
37063,North Carolina,Durham,7.939191237354086,1.0,11051.0
37067,North Carolina,Forsyth,9.709525387868117,2.0,66453.0
37081,North Carolina,Guilford,9.861858602539234,1.0,11342.0
37101,North Carolina,Johnston,8.167943659562988,1.0,11121.0
37119,North Carolina,Mecklenburg,9.246338725701237,3.0,58254.0
37121,North Carolina,Mitchell,6.885759679419058,1.0,11292.0
37123,North Carolina,Montgomery,9.700643783830326,1.0,11033.0
37129,North Carolina,New Hanover,8.14681163336407,1.0,44461.0
37131,North Carolina,Northampton,7.9448219816015415,1.0,11414.0
37147,North Carolina,Pitt,7.727975144328996,1.0,11453.0
37159,North Carolina,Rowan,9.005215484892087,1.0,11120.0
37173,North Carolina,Swain,7.23245137605178,2.0,12360.0
37183,North Carolina,Wake,9.551200799424652,2.0,42757.0
38007,North Dakota,Billings,6.741539543698307,1.0,33491.0
38013,North Dakota,Burke,9.843337841811232,1.0,44213.0
38015,North Dakota,Burleigh,10.498576792609986,1.0,77077.0
38017,North Dakota,Cass,11.441684563087003,1.0,43654.0
38025,North Dakota,Dunn,8.3744271865188,1.0,42741.0
38053,North Dakota,McKenzie,7.40374084953816,1.0,43413.0
38057,North Dakota,Mercer,8.27743763735393,1.0,85833.0
38065,North Dakota,Oliver,8.83720214344326,1.0,44847.0
38101,North Dakota,Ward,8.606117184628033,1.0,45004.0
39003,Ohio,Allen,8.352437061586551,1.0,11837.0
39009,Ohio,Athens,6.658336773804392,1.0,18568.0
39013,Ohio,Belmont,7.620688417304296,1.0,6796.0
39017,Ohio,Butler,11.932590029760162,4.0,116330.0
39023,Ohio,Clark,10.611683190906168,1.0,34221.0
39035,Ohio,Cuyahoga,11.155132959557008,6.0,119551.0
39049,Ohio,Franklin,10.71056828282522,4.0,62650.0
39061,Ohio,Hamilton,10.661398676703973,5.0,125897.0
39081,Ohio,Jefferson,10.454733702305536,1.0,34569.0
39085,Ohio,Lake,8.59913,1.0,920.0
39087,Ohio,Lawrence,9.217841139213697,1.0,34465.0
39095,Ohio,Lucas,9.451873310323764,3.0,9822.0
39099,Ohio,Mahoning,10.286957049495632,1.0,34003.0
39103,Ohio,Medina,9.384092863742655,1.0,35066.0
39113,Ohio,Montgomery,10.545834445392247,1.0,34583.0
39135,Ohio,Preble,9.813707708365166,1.0,32719.0
39145,Ohio,Scioto,10.0595639218149,2.0,54857.0
39151,Ohio,Stark,10.787036999071189,2.0,66752.0
39153,Ohio,Summit,9.549834503546938,2.0,33832.0
39155,Ohio,Trumbull,10.403504448267945,1.0,34843.0
40001,Oklahoma,Adair,9.846309852925856,1.0,11518.0
40019,Oklahoma,Carter,7.95725592189679,1.0,30114.0
40027,Oklahoma,Cleveland,9.600539893091524,1.0,28342.0
40031,Oklahoma,Comanche,7.376567946392333,1.0,32029.0
40043,Oklahoma,Dewey,7.553866675532074,1.0,32937.0
40071,Oklahoma,Kay,9.676288390740025,1.0,30972.0
40105,Oklahoma,Nowata,11.07747351465705,1.0,28007.0
40109,Oklahoma,Oklahoma,8.945705746293305,3.0,56317.0
40115,Oklahoma,Ottawa,11.04896449201332,2.0,70868.0
40121,Oklahoma,Pittsburg,8.55327183300468,1.0,32456.0
40135,Oklahoma,Sequoyah,8.368224,1.0,856.0
40143,Oklahoma,Tulsa,9.199534470838971,2.0,63578.0
41013,Oregon,Crook,8.5912729532503,1.0,11722.0
41017,Oregon,Deschutes,6.895807810559006,1.0,2576.0
41025,Oregon,Harney,9.633393548381456,1.0,34321.0
41029,Oregon,Jackson,13.218398332635884,2.0,21029.0
41033,Oregon,Josephine,11.4153376286013,1.0,34432.0
41035,Oregon,Klamath,9.608006584804949,1.0,22481.0
41037,Oregon,Lake,6.727745188243407,1.0,11602.0
41039,Oregon,Lane,8.268596163519081,5.0,79532.0
41051,Oregon,Multnomah,6.420249167130463,1.0,12218.0
41067,Oregon,Washington,5.818880058781303,2.0,23681.0
42001,Pennsylvania,Adams,10.947367414846113,1.0,33369.0
42003,Pennsylvania,Allegheny,10.417733087989722,8.0,195341.0
42005,Pennsylvania,Armstrong,8.920104301732465,1.0,33132.0
42007,Pennsylvania,Beaver,10.502783786062253,2.0,73283.0
42011,Pennsylvania,Berks,10.053399349056876,1.0,34407.0
42013,Pennsylvania,Blair,9.234591471114928,1.0,32612.0
42015,Pennsylvania,Bradford,7.041420464698331,1.0,4674.0
42021,Pennsylvania,Cambria,9.192521831467296,1.0,71274.0
42027,Pennsylvania,Centre,9.20364214480891,1.0,32864.0
42029,Pennsylvania,Chester,9.994469946259153,1.0,62820.0
42041,Pennsylvania,Cumberland,10.183648261439007,1.0,35733.0
42043,Pennsylvania,Dauphin,11.490782046495102,2.0,39402.0
42045,Pennsylvania,Delaware,10.69388947473827,2.0,62565.0
42049,Pennsylvania,Erie,8.58240369626939,1.0,36348.0
42051,Pennsylvania,Fayette,7.048761349488421,1.0,14856.0
42059,Pennsylvania,Greene,8.210763646246765,1.0,4636.0
42063,Pennsylvania,Indiana,8.583513723213084,1.0,29716.0
42069,Pennsylvania,Lackawanna,9.682501647633899,1.0,33346.0
42071,Pennsylvania,Lancaster,12.868285888846886,2.0,76714.0
42075,Pennsylvania,Lebanon,11.224297780455963,1.0,31406.0
42077,Pennsylvania,Lehigh,9.459044105341013,1.0,38532.0
42081,Pennsylvania,Lycoming,6.3889096193015185,1.0,3751.0
42085,Pennsylvania,Mercer,8.370549138596656,1.0,31653.0
42091,Pennsylvania,Montgomery,9.818652667433659,1.0,33464.0
42095,Pennsylvania,Northampton,10.108899044273992,1.0,33767.0
42101,Pennsylvania,Philadelphia,11.917689607162924,6.0,231386.0
42115,Pennsylvania,Susquehanna,6.045259798845837,1.0,4852.0
42117,Pennsylvania,Tioga,6.210795389970992,1.0,4826.0
42125,Pennsylvania,Washington,9.488124339492396,3.0,67651.0
42129,Pennsylvania,Westmoreland,8.374276334160463,1.0,4836.0
42131,Pennsylvania,Wyoming,5.972335510656436,1.0,4692.0
42133,Pennsylvania,York,10.77979448018408,1.0,39766.0
44003,Rhode Island,Kent,5.910649317433906,1.0,10818.0
44007,Rhode Island,Providence,7.464423453393958,4.0,46185.0
44009,Rhode Island,Washington,6.360685916584798,1.0,11197.0
45019,South Carolina,Charleston,8.385907768790505,3.0,66044.0
45025,South Carolina,Chesterfield,8.414410397202165,1.0,33240.0
45037,South Carolina,Edgefield,8.983590771295082,1.0,35102.0
45041,South Carolina,Florence,9.741914346462979,1.0,35086.0
45045,South Carolina,Greenville,10.118272633603649,2.0,44269.0
45051,South Carolina,Horry,8.299549331832045,1.0,28198.0
45063,South Carolina,Lexington,7.867411386025201,1.0,1746.0
45079,South Carolina,Richland,8.861378161739566,2.0,71374.0
45083,South Carolina,Spartanburg,10.218981050325123,1.0,36602.0
45091,South Carolina,York,8.562954519224107,1.0,11548.0
46011,South Dakota,Brookings,6.3690327980742785,1.0,10905.0
46013,South Dakota,Brown,7.107854117945133,1.0,11446.0
46027,South Dakota,Clay,8.694265978321681,1.0,11440.0
46029,South Dakota,Codington,9.635136708595759,1.0,11273.0
46033,South Dakota,Custer,4.797786829596844,1.0,10393.0
46065,South Dakota,Hughes,5.1526844642514185,1.0,11455.0
46071,South Dakota,Jackson,7.6110117254425536,1.0,11524.0
46099,South Dakota,Minnehaha,6.7699065825120925,1.0,11162.0
46103,South Dakota,Pennington,8.404148305100893,1.0,11547.0
47009,Tennessee,Blount,7.721922814685315,1.0,11440.0
47037,Tennessee,Davidson,9.73256287799416,2.0,50014.0
47045,Tennessee,Dyer,7.595459785645683,1.0,11453.0
47065,Tennessee,Hamilton,9.991885106772422,1.0,6556.0
47093,Tennessee,Knox,9.812969304908586,3.0,111804.0
47099,Tennessee,Lawrence,8.278413496902541,1.0,11461.0
47105,Tennessee,Loudon,7.059447855212869,1.0,22502.0
47107,Tennessee,McMinn,8.308812047021389,1.0,11314.0
47113,Tennessee,Madison,8.456975371188221,1.0,11412.0
47119,Tennessee,Maury,7.5433182318815195,1.0,11411.0
47125,Tennessee,Montgomery,7.317261485808346,1.0,11239.0
47141,Tennessee,Putnam,7.708844260054564,1.0,11363.0
47145,Tennessee,Roane,7.458003926153846,1.0,11375.0
47157,Tennessee,Shelby,9.464821697691306,3.0,45437.0
47163,Tennessee,Sullivan,7.102207527838861,1.0,11369.0
47165,Tennessee,Sumner,7.565140888377541,1.0,11951.0
48013,Texas,Atascosa,8.843648261207715,1.0,31630.0
48027,Texas,Bell,7.571847871650213,1.0,10635.0
48029,Texas,Bexar,8.464301226940533,4.0,33934.0
48037,Texas,Bowie,10.440362505410938,1.0,10257.0
48039,Texas,Brazoria,8.008511,1.0,376.0
48041,Texas,Brazos,8.002392465908073,1.0,11161.0
48043,Texas,Brewster,7.365426060383687,1.0,9539.0
48061,Texas,Cameron,9.727734384258246,3.0,22831.0
48113,Texas,Dallas,10.352963094048025,2.0,23488.0
48121,Texas,Denton,8.089328505410398,1.0,11367.0
48135,Texas,Ector,6.894896253689388,1.0,11384.0
48141,Texas,El Paso,8.536714323243991,1.0,34624.0
48167,Texas,Galveston,9.79574578913832,1.0,10201.0
48201,Texas,Harris,10.664828395998187,10.0,123594.0
48203,Texas,Harrison,8.700369402309715,1.0,33857.0
48215,Texas,Hidalgo,9.364950948158503,2.0,32908.0
48245,Texas,Jefferson,9.859187634646855,2.0,53165.0
48257,Texas,Kaufman,7.953993982895431,1.0,11342.0
48273,Texas,Kleberg,9.13550131259958,1.0,31382.0
48303,Texas,Lubbock,5.355163477943073,1.0,11629.0
48323,Texas,Maverick,7.837569211132978,1.0,10671.0
48339,Texas,Montgomery,10.362667463666925,1.0,11601.0
48349,Texas,Navarro,9.084141556877396,1.0,10171.0
48355,Texas,Nueces,9.115875116019541,2.0,34589.0
48361,Texas,Orange,9.010617596129034,1.0,10850.0
48375,Texas,Potter,5.735200132173913,1.0,11500.0
48439,Texas,Tarrant,9.99543999666731,3.0,87917.0
48453,Texas,Travis,9.872250677559522,3.0,56153.0
48479,Texas,Webb,8.931474486677114,1.0,33176.0
49003,Utah,Box Elder,7.032044,1.0,1448.0
49005,Utah,Cache,8.460539050064229,1.0,28803.0
49007,Utah,Carbon,3.6132779500992838,1.0,11583.0
49011,Utah,Davis,7.1457183494050485,1.0,14539.0
49013,Utah,Duchesne,8.25506861647705,1.0,25490.0
49019,Utah,Grand,7.528264894317049,1.0,8024.0
49021,Utah,Iron,5.043408524315979,1.0,11659.0
49035,Utah,Salt Lake,7.498830007714527,8.0,179661.0
49045,Utah,Tooele,5.587412870241734,1.0,14396.0
49047,Utah,Uintah,6.599403814139431,1.0,14258.0
49049,Utah,Utah,6.771191694394152,2.0,29273.0
49053,Utah,Washington,4.3526590099389715,1.0,11470.0
49057,Utah,Weber,5.8986082854532675,1.0,14230.0
50003,Vermont,Bennington,6.618640792500538,1.0,32429.0
50007,Vermont,Chittenden,6.515555437378627,3.0,66942.0
50021,Vermont,Rutland,7.449540653679656,1.0,30492.0
51003,Virginia,Albemarle,8.63448278124395,1.0,46481.0
51013,Virginia,Arlington,9.311042809815952,1.0,1304.0
51036,Virginia,Charles,7.740692809661247,1.0,32915.0
51041,Virginia,Chesterfield,7.871171000000001,1.0,888.0
51059,Virginia,Fairfax,9.579767313459898,2.0,65632.0
51069,Virginia,Frederick,9.199251576075339,1.0,34617.0
51087,Virginia,Henrico,8.900439854823144,2.0,35226.0
51107,Virginia,Loudoun,8.249123,1.0,912.0
51161,Virginia,Roanoke,8.20298171377751,1.0,33170.0
51165,Virginia,Rockingham,8.356303,1.0,952.0
51520,Virginia,Bristol City,8.333333,1.0,888.0
51650,Virginia,Hampton City,8.537270652231605,1.0,33160.0
51680,Virginia,Lynchburg City,7.657983,1.0,952.0
51710,Virginia,Norfolk City,7.900961999999999,1.0,832.0
51760,Virginia,Richmond City,9.087440368424122,1.0,34292.0
51775,Virginia,Salem City,8.030833,1.0,960.0
51810,Virginia,Virginia Beach City,8.453756007219996,1.0,33241.0
53011,Washington,Clark,6.505700061780846,1.0,11298.0
53033,Washington,King,7.322546172269228,5.0,52000.0
53035,Washington,Kitsap,4.963725409982174,1.0,11220.0
53037,Washington,Kittitas,6.568562450802513,1.0,11464.0
53047,Washington,Okanogan,12.106837765820995,1.0,10603.0
53053,Washington,Pierce,6.782224356295337,3.0,44668.0
53057,Washington,Skagit,5.322810627519111,1.0,11512.0
53061,Washington,Snohomish,6.33557858913205,2.0,22893.0
53063,Washington,Spokane,7.801531365344469,1.0,11496.0
53065,Washington,Stevens,10.230263340109598,1.0,11314.0
53073,Washington,Whatcom,4.992205799894913,1.0,11419.0
53077,Washington,Yakima,9.278696679261444,3.0,31521.0
54003,West Virginia,Berkeley,10.07813503858521,1.0,2488.0
54009,West Virginia,Brooke,9.147081809338522,2.0,2056.0
54011,West Virginia,Cabell,8.52185423178808,1.0,1208.0
54029,West Virginia,Hancock,8.526271,1.0,944.0
54033,West Virginia,Harrison,8.245794,1.0,856.0
54039,West Virginia,Kanawha,7.880992245318352,2.0,12816.0
54049,West Virginia,Marion,8.381356,1.0,944.0
54051,West Virginia,Marshall,11.344114815974573,1.0,38386.0
54061,West Virginia,Monongalia,8.410909,1.0,880.0
54069,West Virginia,Ohio,8.984210999999998,1.0,912.0
54107,West Virginia,Wood,8.924348000000002,1.0,920.0
55003,Wisconsin,Ashland,6.941675754300416,1.0,33427.0
55009,Wisconsin,Brown,9.840768614490244,1.0,33457.0
55025,Wisconsin,Dane,10.585607844442466,2.0,67377.0
55027,Wisconsin,Dodge,9.756023414791555,1.0,34398.0
55035,Wisconsin,Eau Claire,9.848200844291691,1.0,33460.0
55041,Wisconsin,Forest,7.805681006419338,1.0,33181.0
55043,Wisconsin,Grant,10.798266992230918,1.0,33466.0
55053,Wisconsin,Jackson,8.007737851063832,1.0,11515.0
55059,Wisconsin,Kenosha,9.153433582223169,1.0,32953.0
55063,Wisconsin,La Crosse,9.627160227451986,1.0,31189.0
55073,Wisconsin,Marathon,10.599447657458562,1.0,362.0
55079,Wisconsin,Milwaukee,11.07647236293441,2.0,81461.0
55081,Wisconsin,Monroe,8.4387283280133,1.0,12030.0
55087,Wisconsin,Outagamie,10.569786077582162,1.0,66059.0
55089,Wisconsin,Ozaukee,8.697930393616701,1.0,33337.0
55111,Wisconsin,Sauk,9.642684406494013,1.0,33169.0
55119,Wisconsin,Taylor,8.789923583938878,1.0,32065.0
55125,Wisconsin,Vilas,7.3726961155596005,1.0,30772.0
55133,Wisconsin,Waukesha,11.19565586835963,1.0,46270.0
56001,Wyoming,Albany,2.4798040580435634,2.0,33561.0
56005,Wyoming,Campbell,5.65473736635514,1.0,34240.0
56013,Wyoming,Fremont,4.074835030300786,4.0,53992.0
56021,Wyoming,Laramie,5.313187323989469,2.0,51656.0
56023,Wyoming,Lincoln,2.290590954674221,1.0,19768.0
56025,Wyoming,Natrona,3.0729704506457836,1.0,34222.0
56029,Wyoming,Park,3.33663991590419,1.0,34318.0
56033,Wyoming,Sheridan,6.6525511971687665,1.0,33413.0
56035,Wyoming,Sublette,3.3846414552232256,1.0,11401.0
56037,Wyoming,Sweetwater,3.7651822424896566,1.0,11118.0
56039,Wyoming,Teton,2.3055362781377062,2.0,22381.0
72021,Puerto Rico,Bayamon,4.78599348534202,1.0,3070.0
72025,Puerto Rico,Caguas,5.495556,1.0,720.0
72053,Puerto Rico,Fajardo,6.842574,1.0,808.0
72061,Puerto Rico,Guaynabo,7.144586267515924,1.0,1256.0
72113,Puerto Rico,Ponce,6.365385,1.0,832.0
80026,Country Of Mexico,SONORA,10.599323306789609,1.0,32211.0
